CODE, DESCRIPTION
Karl, Karl Richardson
Jim, Jim Harris
Bernie, Bernie Chenette
Mike, Mike Chenette
Josh, Joshua Schultz
Derek, Derek Lyman
Nydia, Nydia Lugo
Dan, Dan Delabruere
Erin, Erin Charbonneau
Scott, Scott Burbank
Other, Other
